Year,Month_AR,Month_EN,Quantity_EN,Quantity_AR,"Quantity of Collected 
(1000 ton) Waste",date
2019,نوفمبر,November,"Quantity of Collected 
(1000 ton) Waste",كمية النفايات المجمعة (بالألف طن),93.511,2019-11
2015,فبراير,February,"Quantity of Collected 
(1000 ton) Waste",كمية النفايات المجمعة (بالألف طن),49612.0,2015-02
2015,اكتوبر,October,"Quantity of Collected 
(1000 ton) Waste",كمية النفايات المجمعة (بالألف طن),56883.0,2015-10
2015,ديسيمبر,December,"Quantity of Collected 
(1000 ton) Waste",كمية النفايات المجمعة (بالألف طن),72212.0,2015-12
2016,يناير,January,"Quantity of Collected 
(1000 ton) Waste",كمية النفايات المجمعة (بالألف طن),92221.0,2016-01
2016,فبراير,February,"Quantity of Collected 
(1000 ton) Waste",كمية النفايات المجمعة (بالألف طن),90376.468,2016-02
2016,مارس,March,"Quantity of Collected 
(1000 ton) Waste",كمية النفايات المجمعة (بالألف طن),93036.0,2016-03
2016,سبتمبر,September,"Quantity of Collected 
(1000 ton) Waste",كمية النفايات المجمعة (بالألف طن),80508.0,2016-09
2016,ديسيمبر,December,"Quantity of Collected 
(1000 ton) Waste",كمية النفايات المجمعة (بالألف طن),110652.73000000001,2016-12
2017,مايو,May,"Quantity of Collected 
(1000 ton) Waste",كمية النفايات المجمعة (بالألف طن),118271.06000000001,2017-05
2017,يوليو,July,"Quantity of Collected 
(1000 ton) Waste",كمية النفايات المجمعة (بالألف طن),152847.0,2017-07
2018,يناير,January,"Quantity of Collected 
(1000 ton) Waste",كمية النفايات المجمعة (بالألف طن),179480.84999999998,2018-01
2018,يونيو,June,"Quantity of Collected 
(1000 ton) Waste",كمية النفايات المجمعة (بالألف طن),57163.0,2018-06
2018,يوليو,July,"Quantity of Collected 
(1000 ton) Waste",كمية النفايات المجمعة (بالألف طن),70946.0,2018-07
2018,سبتمبر,September,"Quantity of Collected 
(1000 ton) Waste",كمية النفايات المجمعة (بالألف طن),48755.0,2018-09
2019,يناير,January,"Quantity of Collected 
(1000 ton) Waste",كمية النفايات المجمعة (بالألف طن),60000.0,2019-01
2019,فبراير,February,"Quantity of Collected 
(1000 ton) Waste",كمية النفايات المجمعة (بالألف طن),69012.0,2019-02
2019,ابريل,April,"Quantity of Collected 
(1000 ton) Waste",كمية النفايات المجمعة (بالألف طن),84747.0,2019-04
2019,اغسطس,August,"Quantity of Collected 
(1000 ton) Waste",كمية النفايات المجمعة (بالألف طن),86464.0,2019-08
2019,سبتمبر,September,"Quantity of Collected 
(1000 ton) Waste",كمية النفايات المجمعة (بالألف طن),90120.0,2019-09
2020,اغسطس,August,"Quantity of Collected 
(1000 ton) Waste",كمية النفايات المجمعة (بالألف طن),83927.0,2020-08
2020,سبتمبر,September,"Quantity of Collected 
(1000 ton) Waste",كمية النفايات المجمعة (بالألف طن),93659.2,2020-09
2020,ابريل,April,"Quantity of Collected 
(1000 ton) Waste",كمية النفايات المجمعة (بالألف طن),82353.7,2020-04
2020,يونيو,June,"Quantity of Collected 
(1000 ton) Waste",كمية النفايات المجمعة (بالألف طن),81009.0,2020-06
2020,يوليو,July,"Quantity of Collected 
(1000 ton) Waste",كمية النفايات المجمعة (بالألف طن),83927.0,2020-07
2020,اغسطس,August,"Quantity of Collected 
(1000 ton) Waste",كمية النفايات المجمعة (بالألف طن),93659.2,2020-08
2021,مايو,May,"Quantity of Collected 
(1000 ton) Waste",كمية النفايات المجمعة (بالألف طن),93751.8,2021-05
2021,يونيو,June,"Quantity of Collected 
(1000 ton) Waste",كمية النفايات المجمعة (بالألف طن),89412.8,2021-06
2021,يوليو,July,"Quantity of Collected 
(1000 ton) Waste",كمية النفايات المجمعة (بالألف طن),77987.9,2021-07
2022,ابريل,April,"Quantity of Collected 
(1000 ton) Waste",كمية النفايات المجمعة (بالألف طن),205443.3,2022-04
2022,مايو,May,"Quantity of Collected 
(1000 ton) Waste",كمية النفايات المجمعة (بالألف طن),79845.9,2022-05
2022,يوليو,July,"Quantity of Collected 
(1000 ton) Waste",كمية النفايات المجمعة (بالألف طن),94742.3,2022-07
2022,نوفمبر,November,"Quantity of Collected 
(1000 ton) Waste",كمية النفايات المجمعة (بالألف طن),95975.0,2022-11
2023,مارس,March,"Quantity of Collected 
(1000 ton) Waste",كمية النفايات المجمعة (بالألف طن),99990.1,2023-03
2023,ابريل,April,"Quantity of Collected 
(1000 ton) Waste",كمية النفايات المجمعة (بالألف طن),76495.5,2023-04
2023,يونيو,June,"Quantity of Collected 
(1000 ton) Waste",كمية النفايات المجمعة (بالألف طن),89104.0,2023-06
2023,اكتوبر,October,"Quantity of Collected 
(1000 ton) Waste",كمية النفايات المجمعة (بالألف طن),94972.4,2023-10
2023,نوفمبر,November,"Quantity of Collected 
(1000 ton) Waste",كمية النفايات المجمعة (بالألف طن),100086.2,2023-11
2023,ديسيمبر,December,"Quantity of Collected 
(1000 ton) Waste",كمية النفايات المجمعة (بالألف طن),91887.9,2023-12
2024,مارس,March,"Quantity of Collected 
(1000 ton) Waste",كمية النفايات المجمعة (بالألف طن),77225.6,2024-03
2024,مايو,May,"Quantity of Collected 
(1000 ton) Waste",كمية النفايات المجمعة (بالألف طن),99301.6,2024-05
2024,نوفمبر,November,"Quantity of Collected 
(1000 ton) Waste",كمية النفايات المجمعة (بالألف طن),117364.6,2024-11
2024,ديسيمبر,December,"Quantity of Collected 
(1000 ton) Waste",كمية النفايات المجمعة (بالألف طن),122275.2,2024-12
2025,يناير,January,"Quantity of Collected 
(1000 ton) Waste",كمية النفايات المجمعة (بالألف طن),104973.0,2025-01
2025,فبراير,February,"Quantity of Collected 
(1000 ton) Waste",كمية النفايات المجمعة (بالألف طن),94088.0,2025-02
2025,ابريل,April,"Quantity of Collected 
(1000 ton) Waste",كمية النفايات المجمعة (بالألف طن),103177.0,2025-04
2025,مايو,May,"Quantity of Collected 
(1000 ton) Waste",كمية النفايات المجمعة (بالألف طن),120754.0,2025-05
2025,اغسطس,August,"Quantity of Collected 
(1000 ton) Waste",كمية النفايات المجمعة (بالألف طن),110035.5,2025-08
2019,ديسيمبر,December,"Quantity of Collected 
(1000 ton) Waste",كمية النفايات المجمعة (بالألف طن),89.067,2019-12
2023,يونيو,June,"Quantity of Collected 
(1000 ton) Waste",كمية النفايات المجمعة (بالألف طن),94329.4,2023-06
2015,يناير,January,"Quantity of Collected 
(1000 ton) Waste",كمية النفايات المجمعة (بالألف طن),50603.0,2015-01
2015,مارس,March,"Quantity of Collected 
(1000 ton) Waste",كمية النفايات المجمعة (بالألف طن),57650.0,2015-03
2015,نوفمبر,November,"Quantity of Collected 
(1000 ton) Waste",كمية النفايات المجمعة (بالألف طن),84650.0,2015-11
2016,اغسطس,August,"Quantity of Collected 
(1000 ton) Waste",كمية النفايات المجمعة (بالألف طن),85772.0,2016-08
2016,نوفمبر,November,"Quantity of Collected 
(1000 ton) Waste",كمية النفايات المجمعة (بالألف طن),107424.0,2016-11
2017,يناير,January,"Quantity of Collected 
(1000 ton) Waste",كمية النفايات المجمعة (بالألف طن),127697.96,2017-01
2017,مارس,March,"Quantity of Collected 
(1000 ton) Waste",كمية النفايات المجمعة (بالألف طن),142287.015,2017-03
2017,يونيو,June,"Quantity of Collected 
(1000 ton) Waste",كمية النفايات المجمعة (بالألف طن),102907.17100000002,2017-06
2017,سبتمبر,September,"Quantity of Collected 
(1000 ton) Waste",كمية النفايات المجمعة (بالألف طن),143656.0,2017-09
2017,ديسيمبر,December,"Quantity of Collected 
(1000 ton) Waste",كمية النفايات المجمعة (بالألف طن),182119.0,2017-12
2018,فبراير,February,"Quantity of Collected 
(1000 ton) Waste",كمية النفايات المجمعة (بالألف طن),169931.597,2018-02
2018,مارس,March,"Quantity of Collected 
(1000 ton) Waste",كمية النفايات المجمعة (بالألف طن),167846.65000000002,2018-03
2018,ابريل,April,"Quantity of Collected 
(1000 ton) Waste",كمية النفايات المجمعة (بالألف طن),158674.58,2018-04
2018,مايو,May,"Quantity of Collected 
(1000 ton) Waste",كمية النفايات المجمعة (بالألف طن),144800.0,2018-05
2018,اغسطس,August,"Quantity of Collected 
(1000 ton) Waste",كمية النفايات المجمعة (بالألف طن),61170.0,2018-08
2018,نوفمبر,November,"Quantity of Collected 
(1000 ton) Waste",كمية النفايات المجمعة (بالألف طن),60528.0,2018-11
2018,ديسيمبر,December,"Quantity of Collected 
(1000 ton) Waste",كمية النفايات المجمعة (بالألف طن),54868.0,2018-12
2019,يونيو,June,"Quantity of Collected 
(1000 ton) Waste",كمية النفايات المجمعة (بالألف طن),87913.0,2019-06
2019,يوليو,July,"Quantity of Collected 
(1000 ton) Waste",كمية النفايات المجمعة (بالألف طن),87051.0,2019-07
2020,فبراير,February,"Quantity of Collected 
(1000 ton) Waste",كمية النفايات المجمعة (بالألف طن),95560.0,2020-02
2020,مايو,May,"Quantity of Collected 
(1000 ton) Waste",كمية النفايات المجمعة (بالألف طن),77885.9,2020-05
2020,يونيو,June,"Quantity of Collected 
(1000 ton) Waste",كمية النفايات المجمعة (بالألف طن),81535.5,2020-06
2020,اكتوبر,October,"Quantity of Collected 
(1000 ton) Waste",كمية النفايات المجمعة (بالألف طن),110997.0,2020-10
2020,نوفمبر,November,"Quantity of Collected 
(1000 ton) Waste",كمية النفايات المجمعة (بالألف طن),104494.0,2020-11
2021,مارس,March,"Quantity of Collected 
(1000 ton) Waste",كمية النفايات المجمعة (بالألف طن),125785.9,2021-03
2021,اغسطس,August,"Quantity of Collected 
(1000 ton) Waste",كمية النفايات المجمعة (بالألف طن),80980.7,2021-08
2021,سبتمبر,September,"Quantity of Collected 
(1000 ton) Waste",كمية النفايات المجمعة (بالألف طن),100165.9,2021-09
2021,نوفمبر,November,"Quantity of Collected 
(1000 ton) Waste",كمية النفايات المجمعة (بالألف طن),101713.0,2021-11
2022,يناير,January,"Quantity of Collected 
(1000 ton) Waste",كمية النفايات المجمعة (بالألف طن),108149.3,2022-01
2022,فبراير,February,"Quantity of Collected 
(1000 ton) Waste",كمية النفايات المجمعة (بالألف طن),100012.5,2022-02
2022,مارس,March,"Quantity of Collected 
(1000 ton) Waste",كمية النفايات المجمعة (بالألف طن),105212.9,2022-03
2022,يونيو,June,"Quantity of Collected 
(1000 ton) Waste",كمية النفايات المجمعة (بالألف طن),67062.4,2022-06
2022,اغسطس,August,"Quantity of Collected 
(1000 ton) Waste",كمية النفايات المجمعة (بالألف طن),107856.2,2022-08
2022,سبتمبر,September,"Quantity of Collected 
(1000 ton) Waste",كمية النفايات المجمعة (بالألف طن),94833.2,2022-09
2023,مايو,May,"Quantity of Collected 
(1000 ton) Waste",كمية النفايات المجمعة (بالألف طن),99707.4,2023-05
2023,يوليو,July,"Quantity of Collected 
(1000 ton) Waste",كمية النفايات المجمعة (بالألف طن),98777.7,2023-07
2023,سبتمبر,September,"Quantity of Collected 
(1000 ton) Waste",كمية النفايات المجمعة (بالألف طن),87884.8,2023-09
2024,ابريل,April,"Quantity of Collected 
(1000 ton) Waste",كمية النفايات المجمعة (بالألف طن),74864.0,2024-04
2024,يونيو,June,"Quantity of Collected 
(1000 ton) Waste",كمية النفايات المجمعة (بالألف طن),96117.1,2024-06
2024,يوليو,July,"Quantity of Collected 
(1000 ton) Waste",كمية النفايات المجمعة (بالألف طن),110204.8,2024-07
2024,اغسطس,August,"Quantity of Collected 
(1000 ton) Waste",كمية النفايات المجمعة (بالألف طن),105858.9,2024-08
2024,اكتوبر,October,"Quantity of Collected 
(1000 ton) Waste",كمية النفايات المجمعة (بالألف طن),115210.3,2024-10
2015,ابريل,April,"Quantity of Collected 
(1000 ton) Waste",كمية النفايات المجمعة (بالألف طن),54842.0,2015-04
2015,مايو,May,"Quantity of Collected 
(1000 ton) Waste",كمية النفايات المجمعة (بالألف طن),70969.0,2015-05
2015,يونيو,June,"Quantity of Collected 
(1000 ton) Waste",كمية النفايات المجمعة (بالألف طن),55095.0,2015-06
2015,يوليو,July,"Quantity of Collected 
(1000 ton) Waste",كمية النفايات المجمعة (بالألف طن),53335.0,2015-07
2015,اغسطس,August,"Quantity of Collected 
(1000 ton) Waste",كمية النفايات المجمعة (بالألف طن),62273.0,2015-08
2015,سبتمبر,September,"Quantity of Collected 
(1000 ton) Waste",كمية النفايات المجمعة (بالألف طن),59912.0,2015-09
2016,ابريل,April,"Quantity of Collected 
(1000 ton) Waste",كمية النفايات المجمعة (بالألف طن),89494.0,2016-04
2016,مايو,May,"Quantity of Collected 
(1000 ton) Waste",كمية النفايات المجمعة (بالألف طن),97681.622,2016-05
2016,يونيو,June,"Quantity of Collected 
(1000 ton) Waste",كمية النفايات المجمعة (بالألف طن),87080.124,2016-06
2016,يوليو,July,"Quantity of Collected 
(1000 ton) Waste",كمية النفايات المجمعة (بالألف طن),77861.0,2016-07
2016,اكتوبر,October,"Quantity of Collected 
(1000 ton) Waste",كمية النفايات المجمعة (بالألف طن),98507.0,2016-10
2017,فبراير,February,"Quantity of Collected 
(1000 ton) Waste",كمية النفايات المجمعة (بالألف طن),128580.0,2017-02
2017,ابريل,April,"Quantity of Collected 
(1000 ton) Waste",كمية النفايات المجمعة (بالألف طن),134507.46,2017-04
2017,اغسطس,August,"Quantity of Collected 
(1000 ton) Waste",كمية النفايات المجمعة (بالألف طن),145383.0,2017-08
2017,اكتوبر,October,"Quantity of Collected 
(1000 ton) Waste",كمية النفايات المجمعة (بالألف طن),185375.0,2017-10
2017,نوفمبر,November,"Quantity of Collected 
(1000 ton) Waste",كمية النفايات المجمعة (بالألف طن),191170.0,2017-11
2018,اكتوبر,October,"Quantity of Collected 
(1000 ton) Waste",كمية النفايات المجمعة (بالألف طن),61952.0,2018-10
2019,مارس,March,"Quantity of Collected 
(1000 ton) Waste",كمية النفايات المجمعة (بالألف طن),84536.0,2019-03
2019,مايو,May,"Quantity of Collected 
(1000 ton) Waste",كمية النفايات المجمعة (بالألف طن),79656.0,2019-05
2019,اكتوبر,October,"Quantity of Collected 
(1000 ton) Waste",كمية النفايات المجمعة (بالألف طن),102450.0,2019-10
2019,نوفمبر,November,"Quantity of Collected 
(1000 ton) Waste",كمية النفايات المجمعة (بالألف طن),93511.0,2019-11
2019,ديسيمبر,December,"Quantity of Collected 
(1000 ton) Waste",كمية النفايات المجمعة (بالألف طن),89067.0,2019-12
2020,يناير,January,"Quantity of Collected 
(1000 ton) Waste",كمية النفايات المجمعة (بالألف طن),89882.0,2020-01
2020,مارس,March,"Quantity of Collected 
(1000 ton) Waste",كمية النفايات المجمعة (بالألف طن),92606.0,2020-03
2020,يوليو,July,"Quantity of Collected 
(1000 ton) Waste",كمية النفايات المجمعة (بالألف طن),81009.0,2020-07
2020,ديسيمبر,December,"Quantity of Collected 
(1000 ton) Waste",كمية النفايات المجمعة (بالألف طن),103576.0,2020-12
2021,يناير,January,"Quantity of Collected 
(1000 ton) Waste",كمية النفايات المجمعة (بالألف طن),112617.4,2021-01
2021,فبراير,February,"Quantity of Collected 
(1000 ton) Waste",كمية النفايات المجمعة (بالألف طن),109914.5,2021-02
2021,ابريل,April,"Quantity of Collected 
(1000 ton) Waste",كمية النفايات المجمعة (بالألف طن),103965.9,2021-04
2021,اكتوبر,October,"Quantity of Collected 
(1000 ton) Waste",كمية النفايات المجمعة (بالألف طن),107630.0,2021-10
2021,ديسيمبر,December,"Quantity of Collected 
(1000 ton) Waste",كمية النفايات المجمعة (بالألف طن),90095.0,2021-12
2022,اكتوبر,October,"Quantity of Collected 
(1000 ton) Waste",كمية النفايات المجمعة (بالألف طن),96657.9,2022-10
2022,ديسيمبر,December,"Quantity of Collected 
(1000 ton) Waste",كمية النفايات المجمعة (بالألف طن),99409.7,2022-12
2023,يناير,January,"Quantity of Collected 
(1000 ton) Waste",كمية النفايات المجمعة (بالألف طن),92966.5,2023-01
2023,فبراير,February,"Quantity of Collected 
(1000 ton) Waste",كمية النفايات المجمعة (بالألف طن),94784.8,2023-02
2023,اغسطس,August,"Quantity of Collected 
(1000 ton) Waste",كمية النفايات المجمعة (بالألف طن),91129.3,2023-08
2024,يناير,January,"Quantity of Collected 
(1000 ton) Waste",كمية النفايات المجمعة (بالألف طن),88704.2,2024-01
2024,فبراير,February,"Quantity of Collected 
(1000 ton) Waste",كمية النفايات المجمعة (بالألف طن),82504.4,2024-02
2024,سبتمبر,September,"Quantity of Collected 
(1000 ton) Waste",كمية النفايات المجمعة (بالألف طن),100851.7,2024-09
2025,مارس,March,"Quantity of Collected 
(1000 ton) Waste",كمية النفايات المجمعة (بالألف طن),90825.0,2025-03
2025,يونيو,June,"Quantity of Collected 
(1000 ton) Waste",كمية النفايات المجمعة (بالألف طن),101632.0,2025-06
2025,يوليو,July,"Quantity of Collected 
(1000 ton) Waste",كمية النفايات المجمعة (بالألف طن),106694.1,2025-07
2025,سبتمبر,September,"Quantity of Collected 
(1000 ton) Waste",كمية النفايات المجمعة (بالألف طن),109784.6,2025-09
2019,اكتوبر,October,"Quantity of Collected 
(1000 ton) Waste",كمية النفايات المجمعة (بالألف طن),102.45,2019-10
2023,مايو,May,"Quantity of Collected 
(1000 ton) Waste",كمية النفايات المجمعة (بالألف طن),105903.9,2023-05
